"category","subcategory","ID","Description","GeneRatio","BgRatio","RichFactor","FoldEnrichment","zScore","pvalue","p.adjust","qvalue","geneID","Count"
"Organismal Systems","Immune system","hsa04610","Complement and coagulation cascades","13/28","88/9512",0.147727272727273,50.1850649350649,25.1856567582287,4.84310678696579e-20,3.24488154726708e-18,2.90586407217948e-18,"3075/1675/81494/3053/720/725/2161/5345/713/727/718/2159/1361",13
"Human Diseases","Infectious disease: bacterial","hsa05150","Staphylococcus aureus infection","8/28","102/9512",0.0784313725490196,26.6442577030812,14.1478921512584,3.44715776683349e-10,1.15479785188922e-08,1.03414733005005e-08,"3075/1675/720/713/3868/727/718/3858",8
"Human Diseases","Infectious disease: bacterial","hsa05133","Pertussis","5/28","78/9512",0.0641025641025641,21.7765567765568,10.0108112819,2.76185601328225e-06,6.16814509633035e-05,5.5237120265645e-05,"720/725/713/727/718",5
"Human Diseases","Infectious disease: viral","hsa05171","Coronavirus disease - COVID-19","5/28","238/9512",0.0210084033613445,7.13685474189676,5.20951281078372,0.000576990917332749,0.00868225293334909,0.00777515188061113,"1675/720/713/727/718",5
"Human Diseases","Endocrine and metabolic disease","hsa04936","Alcoholic liver disease","4/28","144/9512",0.0277777777777778,9.43650793650794,5.54264238182273,0.000777515188061113,0.00868225293334909,0.00777515188061113,"720/713/727/718",4
"Human Diseases","Immune disease","hsa05322","Systemic lupus erythematosus","4/28","144/9512",0.0277777777777778,9.43650793650794,5.54264238182273,0.000777515188061113,0.00868225293334909,0.00777515188061113,"720/713/727/718",4
